{"cameraMode":{"drawMode":0,"name":"Shaded","section":"Shading Mode"},"sceneLighting":true,"audioPlay":false,"sceneViewState":{"m_AlwaysRefresh":false,"showFog":true,"showSkybox":true,"showFlares":true,"showImageEffects":true,"showParticleSystems":true,"showVisualEffectGraphs":true,"m_FxEnabled":true},"in2DMode":false,"pivot":{"x":2.9255027770996095,"y":4.532905101776123,"z":-7.806764125823975},"rotation":{"x":0.04740338772535324,"y":0.00994342565536499,"z":-0.0002888652088586241,"w":0.9991294145584106},"size":5.016231060028076,"orthographic":false}